{"cameraMode":{"drawMode":0,"name":"Shaded","section":"Shading Mode"},"sceneLighting":false,"audioPlay":false,"sceneViewState":{"showFog":false,"showMaterialUpdate":false,"showSkybox":false,"showFlares":false,"showImageEffects":false,"showParticleSystems":false},"in2DMode":false,"pivot":{"x":-0.33725881576538088,"y":3.2966785430908205,"z":0.826296329498291},"rotation":{"x":0.28501009941101076,"y":-0.4311816394329071,"z":0.14567223191261292,"w":0.843595027923584},"size":15.810125350952149,"orthographic":false}