{"cameraMode":{"drawMode":0,"name":"Shaded","section":"Shading Mode"},"sceneLighting":true,"audioPlay":false,"sceneViewState":{"showFog":false,"showMaterialUpdate":false,"showSkybox":false,"showFlares":false,"showImageEffects":false,"showParticleSystems":false},"in2DMode":false,"pivot":{"x":88.75096130371094,"y":-140.13856506347657,"z":105.53285217285156},"rotation":{"x":0.5433692932128906,"y":-0.028964033350348474,"z":0.018749935552477838,"w":0.8388213515281677},"size":156.8427734375,"orthographic":false}